<?xml version="1.0" encoding="UTF-8"?>
<GenRun Id="impl_1" LaunchPart="xc7a35ticsg324-1L" LaunchTime="1667078927">
  <File Type="ROUTE-PWR" Name="sync_fifo_ip_power_routed.rpt"/>
  <File Type="PA-TCL" Name="sync_fifo_ip.tcl"/>
  <File Type="ROUTE-PWR-SUM" Name="sync_fifo_ip_power_summary_routed.pb"/>
  <File Type="REPORTS-TCL" Name="sync_fifo_ip_reports.tcl"/>
  <File Type="BITSTR-MSK" Name="sync_fifo_ip.msk"/>
  <File Type="ROUTE-CLK" Name="sync_fifo_ip_clock_utilization_routed.rpt"/>
  <File Type="RDI-RDI" Name="sync_fifo_ip.vdi"/>
  <File Type="BG-BIT" Name="sync_fifo_ip.bit"/>
  <File Type="BG-DRC" Name="sync_fifo_ip.drc"/>
  <File Type="BG-BGN" Name="sync_fifo_ip.bgn"/>
  <File Type="BG-BIN" Name="sync_fifo_ip.bin"/>
  <File Type="BITSTR-RBT" Name="sync_fifo_ip.rbt"/>
  <File Type="BITSTR-NKY" Name="sync_fifo_ip.nky"/>
  <File Type="BITSTR-BMM" Name="sync_fifo_ip_bd.bmm"/>
  <File Type="ROUTE-METHODOLOGY-DRC" Name="sync_fifo_ip_methodology_drc_routed.rpt"/>
  <File Type="BITSTR-MMI" Name="sync_fifo_ip.mmi"/>
  <File Type="ROUTE-METHODOLOGY-DRC-PB" Name="sync_fifo_ip_methodology_drc_routed.pb"/>
  <File Type="BITSTR-SYSDEF" Name="sync_fifo_ip.sysdef"/>
  <File Type="ROUTE-DRC-RPX" Name="sync_fifo_ip_drc_routed.rpx"/>
  <File Type="BITSTR-LTX" Name="debug_nets.ltx"/>
  <File Type="BITSTR-LTX" Name="sync_fifo_ip.ltx"/>
  <File Type="RCFI_FILE" Name="sync_fifo_ip.rcfi"/>
  <File Type="WBT-USG" Name="usage_statistics_webtalk.html"/>
  <File Type="OPT-DRC" Name="sync_fifo_ip_drc_opted.rpt"/>
  <File Type="OPT-HWDEF" Name="sync_fifo_ip.hwdef"/>
  <File Type="PLACE-IO" Name="sync_fifo_ip_io_placed.rpt"/>
  <File Type="PLACE-UTIL" Name="sync_fifo_ip_utilization_placed.rpt"/>
  <File Type="PLACE-UTIL-PB" Name="sync_fifo_ip_utilization_placed.pb"/>
  <File Type="PLACE-CTRL" Name="sync_fifo_ip_control_sets_placed.rpt"/>
  <File Type="PLACE-PRE-SIMILARITY" Name="sync_fifo_ip_incremental_reuse_pre_placed.rpt"/>
  <File Type="ROUTE-DRC" Name="sync_fifo_ip_drc_routed.rpt"/>
  <File Type="ROUTE-DRC-PB" Name="sync_fifo_ip_drc_routed.pb"/>
  <File Type="ROUTE-PWR-RPX" Name="sync_fifo_ip_power_routed.rpx"/>
  <File Type="ROUTE-STATUS" Name="sync_fifo_ip_route_status.rpt"/>
  <File Type="ROUTE-STATUS-PB" Name="sync_fifo_ip_route_status.pb"/>
  <File Type="ROUTE-DCP" Name="sync_fifo_ip_routed.dcp"/>
  <File Type="ROUTE-ERROR-DCP" Name="sync_fifo_ip_routed_error.dcp"/>
  <File Type="ROUTE-BLACKBOX-DCP" Name="sync_fifo_ip_routed_bb.dcp"/>
  <File Type="ROUTE-TIMINGSUMMARY" Name="sync_fifo_ip_timing_summary_routed.rpt"/>
  <File Type="ROUTE-TIMING-PB" Name="sync_fifo_ip_timing_summary_routed.pb"/>
  <File Type="ROUTE-TIMING-RPX" Name="sync_fifo_ip_timing_summary_routed.rpx"/>
  <File Type="ROUTE-BUS-SKEW" Name="sync_fifo_ip_bus_skew_routed.rpt"/>
  <File Type="ROUTE-BUS-SKEW-PB" Name="sync_fifo_ip_bus_skew_routed.pb"/>
  <File Type="ROUTE-BUS-SKEW-RPX" Name="sync_fifo_ip_bus_skew_routed.rpx"/>
  <File Type="OPT-DCP" Name="sync_fifo_ip_opt.dcp"/>
  <File Type="PLACE-DCP" Name="sync_fifo_ip_placed.dcp"/>
  <File Type="PWROPT-DCP" Name="sync_fifo_ip_pwropt.dcp"/>
  <File Type="POSTPLACE-PWROPT-DCP" Name="sync_fifo_ip_postplace_pwropt.dcp"/>
  <File Type="PHYSOPT-DCP" Name="sync_fifo_ip_physopt.dcp"/>
  <File Type="POSTROUTE-PHYSOPT-DCP" Name="sync_fifo_ip_postroute_physopt.dcp"/>
  <File Type="POSTROUTE-PHYSOPT-BLACKBOX-DCP" Name="sync_fifo_ip_postroute_physopt_bb.dcp"/>
  <File Type="ROUTE-METHODOLOGY-DRC-RPX" Name="sync_fifo_ip_methodology_drc_routed.rpx"/>
  <File Type="PDI-FILE" Name="sync_fifo_ip.pdi"/>
  <File Type="CFI_FILE" Name="sync_fifo_ip.cfi"/>
  <File Type="RNPI_FILE" Name="sync_fifo_ip.rnpi"/>
  <File Type="NPI_FILE" Name="sync_fifo_ip.npi"/>
  <File Type="RBD_FILE" Name="sync_fifo_ip.rbd"/>
  <FileSet Name="sources" Type="DesignSrcs" RelSrcDir="$PSRCDIR/sources_1">
    <Filter Type="Srcs"/>
    <File Path="$PSRCDIR/sources_1/new/sync_fifo_ip.sv">
      <FileInfo>
        <Attr Name="ImportPath" Val="D:/Desktop/SV_Tutoriaals_Slides/dersler/ders_27_sync_fifo/ders_27_sync_fifo.srcs/sources_1/new/sync_fifo_ip.sv"/>
        <Attr Name="ImportTime" Val="1667158972"/>
        <Attr Name="UsedIn" Val="synthesis"/>
        <Attr Name="UsedIn" Val="implementation"/>
        <Attr Name="UsedIn" Val="simulation"/>
      </FileInfo>
    </File>
    <Config>
      <Option Name="DesignMode" Val="RTL"/>
      <Option Name="TopModule" Val="sync_fifo_ip"/>
      <Option Name="TopAutoSet" Val="TRUE"/>
    </Config>
  </FileSet>
  <FileSet Name="constrs_in" Type="Constrs" RelSrcDir="$PSRCDIR/constrs_1">
    <Filter Type="Constrs"/>
    <Config>
      <Option Name="ConstrsType" Val="XDC"/>
    </Config>
  </FileSet>
  <FileSet Name="utils" Type="Utils" RelSrcDir="$PSRCDIR/utils_1">
    <Filter Type="Utils"/>
    <Config>
      <Option Name="TopAutoSet" Val="TRUE"/>
    </Config>
  </FileSet>
  <Strategy Version="1" Minor="2">
    <StratHandle Name="Vivado Implementation Defaults" Flow="Vivado Implementation 2020"/>
    <Step Id="init_design"/>
    <Step Id="opt_design"/>
    <Step Id="power_opt_design"/>
    <Step Id="place_design"/>
    <Step Id="post_place_power_opt_design"/>
    <Step Id="phys_opt_design"/>
    <Step Id="route_design"/>
    <Step Id="post_route_phys_opt_design"/>
    <Step Id="write_bitstream"/>
    <Step Id="write_device_image"/>
  </Strategy>
  <BlockFileSet Type="BlockSrcs" Name="fifo_generator_0"/>
</GenRun>
