<?xml version="1.0" encoding="UTF-8"?>
<GenRun Id="synth_1" LaunchPart="xc7a35ticsg324-1L" LaunchTime="1667078927">
  <File Type="PA-TCL" Name="sync_fifo_ip.tcl"/>
  <File Type="REPORTS-TCL" Name="sync_fifo_ip_reports.tcl"/>
  <File Type="RDS-RDS" Name="sync_fifo_ip.vds"/>
  <File Type="RDS-UTIL" Name="sync_fifo_ip_utilization_synth.rpt"/>
  <File Type="RDS-UTIL-PB" Name="sync_fifo_ip_utilization_synth.pb"/>
  <File Type="RDS-DCP" Name="sync_fifo_ip.dcp"/>
  <FileSet Name="sources" Type="DesignSrcs" RelSrcDir="$PSRCDIR/sources_1">
    <Filter Type="Srcs"/>
    <File Path="$PSRCDIR/sources_1/new/sync_fifo_ip.sv">
      <FileInfo>
        <Attr Name="ImportPath" Val="D:/Desktop/SV_Tutoriaals_Slides/dersler/ders_27_sync_fifo/ders_27_sync_fifo.srcs/sources_1/new/sync_fifo_ip.sv"/>
        <Attr Name="ImportTime" Val="1667158972"/>
        <Attr Name="UsedIn" Val="synthesis"/>
        <Attr Name="UsedIn" Val="implementation"/>
        <Attr Name="UsedIn" Val="simulation"/>
      </FileInfo>
    </File>
    <Config>
      <Option Name="DesignMode" Val="RTL"/>
      <Option Name="TopModule" Val="sync_fifo_ip"/>
      <Option Name="TopAutoSet" Val="TRUE"/>
    </Config>
  </FileSet>
  <FileSet Name="constrs_in" Type="Constrs" RelSrcDir="$PSRCDIR/constrs_1">
    <Filter Type="Constrs"/>
    <Config>
      <Option Name="ConstrsType" Val="XDC"/>
    </Config>
  </FileSet>
  <FileSet Name="utils" Type="Utils" RelSrcDir="$PSRCDIR/utils_1">
    <Filter Type="Utils"/>
    <Config>
      <Option Name="TopAutoSet" Val="TRUE"/>
    </Config>
  </FileSet>
  <Strategy Version="1" Minor="2">
    <StratHandle Name="Vivado Synthesis Defaults" Flow="Vivado Synthesis 2020"/>
    <Step Id="synth_design"/>
  </Strategy>
  <BlockFileSet Type="BlockSrcs" Name="fifo_generator_0"/>
</GenRun>
